Computers & Internet/Internet ,34
Education ,23
Business & Finance/Small business ,19
Computers & Internet/Software ,8
Humanities/Art ,7
Entertainment & Recreation/Television ,7
Beauty & Style ,6
Consumer Electronics/Mobile Devices ,5
Society/Government ,5
Entertainment & Recreation/Movies ,4
Society/Relationships ,4
Business & Finance/Advertising & Marketing ,4
Computers & Internet/Computers ,4
Entertainment & Recreation/Games & Recreation ,4
Home ,4
Computers & Internet/Programming ,3
Entertainment & Recreation/Magazines ,3
Consumer Electronics/Audio ,3
Science & Mathematics/Astronomy & Space ,3
Business & Finance/Human Resources ,3
Society/Special Occasions ,3
Humanities/Language ,2
Business & Finance/Non-profit Organizations ,2
Environment ,2
Humanities/Social Science ,2
Business & Finance/Management ,2
Business & Finance/Major Companies ,2
Food & Drink/Restaurants & Bars ,2
Consumer Electronics/Video ,2
Business & Finance/Real Estate ,1
Animals/Reptiles ,1
Travel/Transportation ,1
Entertainment & Recreation/Hobbies ,1
Society/Societal groups ,1
Travel/Tourism ,1
Science & Mathematics/Chemistry ,1
Entertainment & Recreation/Celebrities ,1
Science & Mathematics/Weather ,1
Science & Mathematics/Earth Sciences ,1
Business & Finance/Employment ,1
Business & Finance/International Business ,1
Food & Drink/Vegan & Vegetarian ,1
Animals/Mammals ,1
Travel/Accommodation ,1
Humanities/History ,1
Food & Drink/Beverages ,1
